cluster_label,0.0,1.0,2.0
0,0.17753120665742025,0.30513176144244103,0.5173370319001387
1,0.6538461538461539,0.11705685618729098,0.22909698996655517
2,0.6554508748317631,0.1063257065948856,0.23822341857335128
3,0.45148247978436656,0.12398921832884097,0.42452830188679247
4,0.4137308039747064,0.26558265582655827,0.3206865401987353
5,0.4296875,0.2203125,0.35
6,0.06428571428571428,0.7904761904761904,0.14523809523809525
