cluster_label,0.0,1.0,2.0
0,0.04522613065326633,0.8492462311557789,0.10552763819095477
1,0.6187766714082503,0.14082503556187767,0.24039829302987198
2,0.6621880998080614,0.09500959692898273,0.24280230326295585
3,0.23564356435643563,0.24554455445544554,0.5188118811881188
4,0.42001787310098304,0.2609472743521001,0.3190348525469169
5,0.35765379113018597,0.21745350500715308,0.4248927038626609
