cluster_label,0.0,1.0,2.0
0,0.13123359580052493,0.6062992125984252,0.26246719160104987
1,0.4165961049957663,0.25910245554614736,0.32430143945808637
2,0.581805838424983,0.12016293279022404,0.29803122878479293
3,0.4192926045016077,0.1819935691318328,0.3987138263665595
