cluster_label,0.0,1.0,2.0
0,0.08812260536398467,0.7298850574712644,0.18199233716475097
1,0.6709558823529411,0.09650735294117647,0.23253676470588236
2,0.5323590814196242,0.15553235908141963,0.31210855949895616
3,0.26128266033254155,0.23832145684877276,0.5003958828186856
4,0.42543859649122806,0.256140350877193,0.31842105263157894
