cluster_label,0.0,1.0,2.0
0,0.2391681109185442,0.4696707105719237,0.29116117850953205
1,0.4161237785016287,0.254885993485342,0.3289902280130293
2,0.507531865585168,0.1440710699111626,0.34839706450366936
